{"cameraMode":{"drawMode":0,"name":"Shaded","section":"Shading Mode"},"sceneLighting":false,"audioPlay":false,"sceneViewState":{"showFog":true,"showMaterialUpdate":false,"showSkybox":false,"showFlares":true,"showImageEffects":true,"showParticleSystems":true},"in2DMode":false,"pivot":{"x":-2.3369483947753908,"y":3.0203614234924318,"z":0.0},"rotation":{"x":-0.01680179126560688,"y":-0.029395299032330514,"z":0.0004936441546306014,"w":-0.9994337558746338},"size":7.244564056396484,"orthographic":false}